{"cameraMode":{"drawMode":0,"name":"Shaded","section":"Shading Mode"},"sceneLighting":false,"audioPlay":false,"sceneViewState":{"showFog":false,"showMaterialUpdate":false,"showSkybox":false,"showFlares":false,"showImageEffects":false,"showParticleSystems":false},"in2DMode":false,"pivot":{"x":253.913818359375,"y":485.78271484375,"z":23.06402587890625},"rotation":{"x":-0.34462690353393557,"y":0.6347032189369202,"z":-0.3773579001426697,"w":-0.5796422958374023},"size":7.138427257537842,"orthographic":true}